N,LAM,C,ADEL,LEC1,LEC2,MU_ETA,MU_DEL,XI_INF,XI_FO,TSM_FO,XI_CMB,XI_BBN,RD_ETA,RD_DEL,DNEFF_CMB,DNEFF_BBN,ETA_SI_PER_MASS,DEL_SI_PER_MASS
5,1e-07,1,1,0.05,1,1,1,0.01,0.265768,1.2097e-08,0.00562898,0.00770945,5.01226e-07,39.2189,1.22748e-08,1.22748e-08,1.10931e+17,2.4805e+22
6,1e-07,1,1,0.05,1,1,1,0.01,0.241048,1.2862e-08,0.00480176,0.00802374,6.65135e-07,0.204194,1.78648e-08,1.78648e-08,4.88359e+16,2.06709e+22
7,1e-07,1,1,0.05,1,1,1,0.01,0.222265,1.35649e-08,0.00419817,0.00876317,8.4812e-07,0.000963952,2.58007e-08,2.58007e-08,2.4405e+16,1.77179e+22
8,1e-07,1,1,0.05,1,1,1,0.01,0.208086,1.41617e-08,0.00376473,0.00896937,1.04994e-06,4.22408e-06,3.39895e-08,3.39895e-08,1.33818e+16,1.55031e+22
