N,LAM,C,ADEL,LEC1,LEC2,MU_ETA,MU_DEL,XI_INF,XI_FO,TSM_FO,XI_CMB,XI_BBN,RD_ETA,RD_DEL,DNEFF_CMB,DNEFF_BBN,ETA_SI_PER_MASS,DEL_SI_PER_MASS
5,1e-07,1,1,0.01,1,1,1,0.01,0.265768,1.2097e-08,0.00562898,0.00770945,5.00892e-07,39.2189,1.22748e-08,1.22748e-08,4.43726e+15,2.4805e+22
6,1e-07,1,1,0.01,1,1,1,0.01,0.241048,1.2862e-08,0.00480176,0.00802374,6.64673e-07,0.204194,1.78648e-08,1.78648e-08,1.95344e+15,2.06709e+22
7,1e-07,1,1,0.01,1,1,1,0.01,0.223996,1.34299e-08,0.00427338,0.00876317,8.4773e-07,0.000963952,2.58007e-08,2.58007e-08,9.76199e+14,1.77179e+22
8,1e-07,1,1,0.01,1,1,1,0.01,0.209687,1.40208e-08,0.00383182,0.00896937,1.04946e-06,4.22408e-06,3.39895e-08,3.39895e-08,5.35272e+14,1.55031e+22
9,1e-07,1,1,0.01,1,1,1,0.01,0.197881,1.45897e-08,0.00347507,0.00964833,1.26959e-06,1.74396e-08,4.5374e-08,4.5374e-08,3.15056e+14,1.37806e+22
